{"stats":{"minecraft:mined":{"minecraft:large_amethyst_bud":8,"minecraft:white_bed":1,"minecraft:light_blue_concrete":256,"minecraft:jungle_slab":12,"minecraft:jungle_leaves":43,"minecraft:spruce_trapdoor":7,"minecraft:granite":1,"minecraft:deepslate_tile_wall":4,"minecraft:acacia_log":29,"minecraft:grass_block":19,"minecraft:jungle_log":414,"minecraft:cracked_polished_blackstone_bricks":5,"minecraft:soul_soil":1,"minecraft:oxeye_daisy":22,"bosses_of_mass_destruction:void_lily":19,"minecraft:polished_blackstone_bricks":10,"minecraft:tall_seagrass":3,"minecraft:cobbled_deepslate":3,"minecraft:iron_ore":377,"minecraft:fire":2,"minecraft:anvil":2,"minecraft:deepslate_lapis_ore":7,"minecraft:stripped_dark_oak_wood":1,"minecraft:azure_bluet":45,"minecraft:iron_bars":2,"minecraft:pink_tulip":5,"minecraft:blue_orchid":150,"minecraft:stripped_mangrove_wood":1,"minecraft:player_head":1,"minecraft:deepslate_redstone_ore":1,"minecraft:cyan_terracotta":2,"minecraft:blackstone":10,"minecraft:medium_amethyst_bud":1,"minecraft:soul_fire":2,"minecraft:amethyst_cluster":2,"minecraft:clay":3,"minecraft:note_block":2,"minecraft:jungle_stairs":113,"minecraft:calcite":31,"minecraft:chest":5,"minecraft:dead_bush":2,"minecraft:nether_quartz_ore":1,"minecraft:cobblestone":268,"diagonalfences:minecraft/jungle_fence":11,"bosses_of_mass_destruction:vine_wall":5,"minecraft:pink_petals":6,"minecraft:seagrass":3,"minecraft:chain":5,"minecraft:light_gray_stained_glass":4,"minecraft:birch_log":333,"minecraft:tnt":4,"minecraft:grass":65,"minecraft:oak_log":53,"minecraft:sand":2258,"minecraft:dirt":19,"minecraft:smooth_basalt":5,"minecraft:netherrack":58,"minecraft:oak_leaves":105,"minecraft:deepslate":359,"minecraft:diamond_ore":1,"minecraft:tuff":3,"minecraft:light_gray_stained_glass_pane":4,"minecraft:deepslate_diamond_ore":33,"minecraft:gray_stained_glass_pane":7,"minecraft:nether_bricks":15,"minecraft:decorated_pot":1,"minecraft:jungle_planks":35,"minecraft:spruce_leaves":84,"minecraft:moss_block":5,"minecraft:large_fern":14,"minecraft:hay_block":1,"minecraft:redstone_ore":2,"bosses_of_mass_destruction:void_blossom":14,"minecraft:polished_basalt":3,"minecraft:light_blue_concrete_powder":5,"minecraft:andesite":76,"minecraft:stripped_spruce_log":8,"minecraft:peony":1,"minecraft:gold_block":16,"minecraft:bookshelf":1,"minecraft:vine":141,"minecraft:deepslate_iron_ore":36,"minecraft:lantern":4,"minecraft:stripped_jungle_log":850,"minecraft:packed_ice":11,"minecraft:bamboo":1,"minecraft:white_tulip":28,"minecraft:stone":723,"minecraft:cake":1,"minecraft:acacia_leaves":25,"minecraft:gray_concrete":1637,"minecraft:glass_pane":2,"minecraft:soul_sand":22,"minecraft:lily_of_the_valley":22,"minecraft:basalt":2,"travelersbackpack:standard":4,"minecraft:crafting_table":4,"minecraft:cornflower":1,"minecraft:honey_block":29,"mysticaloaktree:wise_oak":1,"minecraft:copper_ore":5,"minecraft:tall_grass":12,"minecraft:lapis_ore":14,"minecraft:birch_planks":163,"minecraft:coarse_dirt":10,"minecraft:gray_concrete_powder":45,"minecraft:sweet_berry_bush":1,"minecraft:spruce_log":7,"minecraft:birch_leaves":94,"minecraft:coal_ore":161,"minecraft:cherry_leaves":1453,"minecraft:gravel":1274,"minecraft:gray_carpet":12,"minecraft:fern":12},"minecraft:crafted":{"minecraft:black_dye":186,"minecraft:oak_planks":216,"minecraft:blaze_powder":16,"hangglider:hang_glider":2,"minecraft:stone":50,"minecraft:diamond_shovel":2,"minecraft:gray_wool":14,"minecraft:cooked_mutton":1,"minecraft:glass":662,"minecraft:iron_boots":1,"minecraft:light_blue_concrete_powder":256,"minecraft:chest":10,"minecraft:jungle_stairs":96,"minecraft:gray_stained_glass_pane":688,"minecraft:ender_eye":1,"minecraft:gray_stained_glass":240,"minecraft:crafting_table":6,"minecraft:spruce_planks":28,"minecraft:wooden_pickaxe":7,"minecraft:iron_helmet":1,"minecraft:spruce_door":3,"bosses_of_mass_destruction:void_lily":22,"minecraft:birch_planks":1084,"minecraft:diamond_pickaxe":3,"minecraft:stick":192,"minecraft:light_blue_dye":149,"minecraft:iron_ingot":411,"minecraft:iron_pickaxe":17,"minecraft:iron_block":30,"minecraft:gold_ingot":135,"minecraft:light_gray_dye":92,"minecraft:gray_carpet":21,"minecraft:deepslate_bricks":228,"minecraft:shears":15,"minecraft:light_gray_stained_glass_pane":336,"hangglider:glider_framework":2,"minecraft:stone_shovel":7,"minecraft:light_gray_stained_glass":104,"minecraft:furnace":4,"minecraft:gray_dye":344,"minecraft:bone_meal":318,"hangglider:glider_wing":4,"minecraft:glass_pane":768,"minecraft:polished_deepslate":228,"minecraft:black_concrete_powder":16,"minecraft:iron_axe":14,"minecraft:stone_pickaxe":3,"minecraft:deepslate_tile_wall":228,"minecraft:jungle_fence":24,"minecraft:gray_concrete_powder":1600,"minecraft:deepslate_tiles":228,"minecraft:jungle_slab":450,"minecraft:air":0,"minecraft:jungle_planks":1528,"minecraft:oak_boat":3,"minecraft:white_dye":235,"minecraft:wooden_axe":9,"minecraft:iron_shovel":12,"minecraft:iron_leggings":1,"minecraft:anvil":10,"minecraft:white_bed":1,"minecraft:acacia_planks":116},"minecraft:killed_by":{"minecraft:zombie":4,"minecraft:player":1,"bosses_of_mass_destruction:void_blossom":2,"minecraft:skeleton":1},"minecraft:killed":{"minecraft:zombified_piglin":10,"minecraft:witch":2,"minecraft:spider":31,"naturalist:boar":9,"naturalist:snail":2,"minecraft:skeleton":88,"adventurez:blaze_guardian":1,"minecraft:skeleton_horse":2,"minecraft:zombie_villager":2,"minecraft:sheep":20,"minecraft:zombie":74,"cave_dweller:cave_dweller":1,"minecraft:blaze":19,"minecraft:cow":3,"minecraft:vex":1,"minecraft:phantom":16,"naturalist:elephant":1,"minecraft:drowned":1,"naturalist:giraffe":1,"minecraft:husk":1,"naturalist:butterfly":1,"creeperoverhaul:spruce_creeper":1,"minecraft:wandering_trader":1,"minecraft:squid":91,"adventurez:deer":1,"friendsandfoes:moobloom":1,"minecraft:wither_skeleton":6,"minecraft:enderman":5,"adventurez:summoner":2},"minecraft:used":{"minecraft:iron_shovel":3000,"minecraft:light_gray_stained_glass_pane":4,"minecraft:chest":15,"minecraft:shield":46,"minecraft:iron_sword":9,"minecraft:stone":82,"minecraft:spruce_leaves":28,"minecraft:soul_sand":28,"minecraft:skeleton_spawn_egg":1,"minecraft:jungle_planks":82,"minecraft:jungle_slab":239,"minecraft:tuff":2,"minecraft:snowball":1,"minecraft:lava_bucket":8,"minecraft:stripped_dark_oak_wood":13,"minecraft:lantern":9,"minecraft:cherry_leaves":58,"minecraft:gray_concrete_powder":1645,"minecraft:netherite_boots":1,"minecraft:bow":133,"minecraft:hay_block":1,"minecraft:furnace":4,"minecraft:potato":1,"minecraft:diamond_boots":2,"minecraft:stone_pickaxe":393,"minecraft:jungle_fence":35,"minecraft:oak_planks":16,"minecraft:wooden_pickaxe":406,"minecraft:sandstone":93,"minecraft:diamond_axe":1015,"minecraft:oak_leaves":24,"minecraft:white_wool":2,"minecraft:golden_apple":19,"minecraft:sand":394,"minecraft:crossbow":24,"minecraft:gray_concrete":970,"minecraft:shears":3138,"minecraft:redstone_torch":1,"minecraft:gray_stained_glass_pane":4,"minecraft:bread":61,"minecraft:gravel":11,"minecraft:fire_charge":1,"minecraft:light_blue_concrete_powder":261,"minecraft:andesite":15,"minecraft:oak_boat":5,"minecraft:coarse_dirt":8,"minecraft:netherite_sword":1082,"minecraft:flint_and_steel":4,"minecraft:stone_shovel":786,"bosses_of_mass_destruction:void_lily":27,"minecraft:netherrack":58,"minecraft:torch":3,"minecraft:dirt":14,"minecraft:spyglass":3,"minecraft:anvil":9,"minecraft:golden_shovel":32,"minecraft:granite":1,"minecraft:wooden_axe":535,"minecraft:light_gray_stained_glass":96,"minecraft:iron_axe":3900,"minecraft:jungle_log":19,"minecraft:mud_bricks":3,"minecraft:smooth_basalt":5,"minecraft:goat_horn":21,"minecraft:cooked_beef":10,"minecraft:cobbled_deepslate":53,"minecraft:calcite":20,"minecraft:cooked_mutton":2,"minecraft:water_bucket":29,"minecraft:birch_planks":1318,"minecraft:netherite_chestplate":1,"minecraft:crafting_table":10,"minecraft:white_bed":2,"minecraft:deepslate_tile_wall":12,"minecraft:apple":33,"minecraft:diamond_pickaxe":2819,"minecraft:diamond_shovel":3336,"minecraft:stripped_jungle_log":206,"minecraft:cracked_polished_blackstone_bricks":5,"minecraft:mangrove_propagule":1,"minecraft:iron_pickaxe":4716,"minecraft:jungle_stairs":188,"minecraft:cobblestone":284,"travelersbackpack:standard":76,"minecraft:cooked_porkchop":5,"minecraft:bucket":41},"minecraft:dropped":{"minecraft:brown_mushroom":5,"minecraft:iron_sword":2,"minecraft:soul_sand":6,"minecraft:diamond_axe":2,"minecraft:birch_planks":25,"minecraft:stripped_mangrove_wood":2,"minecraft:glow_ink_sac":1,"minecraft:diamond":55,"minecraft:crossbow":4,"minecraft:lantern":1,"minecraft:deepslate_tile_wall":210,"minecraft:saddle":1,"minecraft:leather":7,"minecraft:honeycomb":20,"travelersbackpack:iron_tier_upgrade":1,"minecraft:sheaf_pottery_sherd":1,"travelersbackpack:standard":2,"minecraft:item_frame":2,"minecraft:packed_mud":7,"minecraft:dirt":21,"minecraft:spruce_leaves":4,"minecraft:grass":4,"minecraft:netherite_scrap":8,"bosses_of_mass_destruction:void_lily":5,"minecraft:stripped_dark_oak_wood":2,"minecraft:cherry_leaves":1928,"minecraft:jungle_sapling":2,"minecraft:gold_nugget":3,"minecraft:sand":1,"minecraft:phantom_membrane":9,"the_bumblezone:honey_crystal_shards":4,"minecraft:polished_blackstone_bricks":7,"minecraft:honeycomb_block":6,"minecraft:gravel":28,"minecraft:white_tulip":4,"minecraft:blackstone":35,"minecraft:goat_horn":1,"minecraft:spyglass":1,"the_bumblezone:empty_honeycomb_brood_block":2,"hangglider:hang_glider":2,"minecraft:cobbled_deepslate":153,"minecraft:cherry_sapling":2,"minecraft:birch_sapling":7,"minecraft:obsidian":28,"minecraft:rotten_flesh":80,"minecraft:cooked_mutton":2,"minecraft:azure_bluet":1,"minecraft:carrot":36,"minecraft:chainmail_chestplate":2,"travelersbackpack:gold_tier_upgrade":1,"minecraft:gunpowder":2,"minecraft:dune_armor_trim_smithing_template":2,"minecraft:azalea":2,"minecraft:quartz_block":64,"minecraft:honey_block":18,"minecraft:chainmail_boots":1,"minecraft:acacia_sapling":1,"minecraft:ladder":1,"minecraft:painting":3,"minecraft:red_nether_bricks":1,"minecraft:basalt":2,"minecraft:beef":2,"minecraft:quartz":1,"the_bumblezone:carvable_wax":4,"minecraft:enchanted_book":1,"minecraft:egg":1,"minecraft:iron_ingot":104,"minecraft:stripped_spruce_log":2,"minecraft:birch_leaves":1,"minecraft:wheat_seeds":7,"minecraft:gray_stained_glass_pane":51,"minecraft:golden_helmet":2,"minecraft:tnt":4,"minecraft:netherite_chestplate":2,"minecraft:lead":2,"minecraft:yellow_terracotta":6,"minecraft:mangrove_propagule":1,"minecraft:iron_helmet":1,"minecraft:book":5,"minecraft:stripped_jungle_log":8,"minecraft:grass_block":1,"minecraft:coal":1,"minecraft:stick":16,"minecraft:oxeye_daisy":1,"minecraft:torch":5,"naturalist:bass":1,"minecraft:diamond_helmet":1,"minecraft:potion":1,"minecraft:angler_pottery_sherd":1,"minecraft:flowering_azalea":1,"minecraft:polished_basalt":3,"the_bumblezone:porous_honeycomb_block":13,"minecraft:string":8,"minecraft:pink_petals":65,"minecraft:smooth_sandstone":1,"minecraft:acacia_planks":118,"minecraft:spruce_sapling":3,"minecraft:smooth_basalt":10,"minecraft:redstone":15,"minecraft:pink_tulip":5,"minecraft:zombie_spawn_egg":1,"minecraft:sweet_berries":2,"minecraft:soul_soil":1,"minecraft:netherite_ingot":2,"minecraft:player_head":2,"minecraft:stone_sword":1,"simplyswords:gold_sai":1,"minecraft:coarse_dirt":1,"minecraft:raw_copper":19,"minecraft:cocoa_beans":60,"minecraft:tuff":3,"minecraft:stone_shovel":1,"minecraft:raw_iron":4,"minecraft:ender_eye":1,"minecraft:nether_bricks":2,"minecraft:shears":1,"minecraft:lightning_rod":1,"minecraft:filled_map":2,"minecraft:shield":1,"minecraft:peony":1,"minecraft:diamond_pickaxe":2,"minecraft:andesite":63,"minecraft:blue_banner":1,"minecraft:golden_leggings":3,"minecraft:oak_sapling":1,"minecraft:bamboo":17,"minecraft:golden_sword":2,"minecraft:diamond_boots":1,"minecraft:spider_eye":4,"minecraft:light_gray_dye":5,"minecraft:slime_ball":11,"minecraft:spruce_log":2,"minecraft:sandstone":32,"minecraft:bow":3,"minecraft:stone_pickaxe":1,"minecraft:calcite":11},"minecraft:picked_up":{"minecraft:iron_chestplate":1,"minecraft:light_blue_concrete":256,"minecraft:redstone_block":1,"minecraft:chainmail_boots":2,"the_bumblezone:honey_crystal_shards":4,"minecraft:anvil":2,"minecraft:smithing_table":2,"minecraft:lead":4,"minecraft:diamond_sword":1,"minecraft:enchanted_book":7,"minecraft:potion":4,"minecraft:golden_sword":3,"minecraft:soul_soil":1,"minecraft:string":20,"minecraft:raw_copper":19,"minecraft:red_nether_bricks":1,"minecraft:iron_leggings":2,"minecraft:armor_stand":2,"minecraft:experience_bottle":1,"minecraft:diamond_leggings":1,"minecraft:gold_nugget":3,"minecraft:cobbled_deepslate":633,"bosses_of_mass_destruction:soul_star":3,"minecraft:bucket":1,"minecraft:spruce_planks":4,"minecraft:light_weighted_pressure_plate":1,"minecraft:white_tulip":31,"minecraft:redstone_torch":1,"minecraft:calcite":51,"minecraft:ender_eye":2,"minecraft:azalea":2,"minecraft:iron_pickaxe":7,"minecraft:deepslate_tile_wall":6,"hangglider:hang_glider":6,"minecraft:golden_helmet":1,"minecraft:tipped_arrow":13,"minecraft:stick":114,"minecraft:sheaf_pottery_sherd":4,"minecraft:torch":15,"minecraft:acacia_log":30,"travelersbackpack:iron_tier_upgrade":1,"minecraft:porkchop":14,"minecraft:lightning_rod":1,"minecraft:honeycomb_block":6,"minecraft:diorite":1,"minecraft:goat_horn":1,"minecraft:gray_stained_glass_pane":3,"minecraft:zombie_spawn_egg":2,"minecraft:quartz_block":173,"minecraft:stone_sword":1,"minecraft:rotten_flesh":96,"minecraft:polished_basalt":3,"minecraft:cyan_terracotta":2,"minecraft:netherite_chestplate":7,"minecraft:blaze_rod":11,"minecraft:obsidian":13,"minecraft:iron_bars":6,"minecraft:snowball":1,"minecraft:blaze_powder":27,"minecraft:cobblestone":1203,"minecraft:birch_log":324,"minecraft:pink_petals":69,"minecraft:dune_armor_trim_smithing_template":1,"minecraft:cooked_beef":6,"minecraft:repeater":2,"minecraft:cherry_leaves":2896,"minecraft:andesite":135,"minecraft:water_bucket":6,"minecraft:jungle_log":401,"minecraft:golden_leggings":3,"minecraft:potato":1,"minecraft:flint":126,"minecraft:tuff":5,"minecraft:smooth_sandstone_stairs":9,"minecraft:dirt":51,"travelersbackpack:gold_tier_upgrade":1,"minecraft:gray_concrete":1890,"minecraft:lapis_lazuli":382,"minecraft:lantern":40,"minecraft:gray_concrete_powder":877,"minecraft:name_tag":3,"minecraft:glass":218,"minecraft:bone":123,"minecraft:acacia_planks":27,"minecraft:bow":16,"minecraft:wheat_seeds":16,"adventurez:raw_venison":2,"bosses_of_mass_destruction:void_lily":26,"minecraft:diamond_helmet":2,"minecraft:bamboo":17,"minecraft:glowstone_dust":2,"minecraft:moss_block":2,"minecraft:honeycomb":20,"minecraft:oak_planks":62,"the_bumblezone:carvable_wax":4,"minecraft:cooked_porkchop":20,"minecraft:stripped_acacia_wood":12,"minecraft:sand":2261,"minecraft:jungle_planks":35,"minecraft:stripped_spruce_log":9,"minecraft:ink_sac":186,"minecraft:grass_block":1,"minecraft:diamond_block":8,"minecraft:lily_of_the_valley":22,"minecraft:jungle_slab":13,"minecraft:spectral_arrow":23,"minecraft:skeleton_spawn_egg":1,"minecraft:dispenser":1,"minecraft:diamond":296,"minecraft:angler_pottery_sherd":2,"minecraft:cracked_polished_blackstone_bricks":5,"minecraft:crossbow":5,"minecraft:granite":1,"minecraft:bone_meal":33,"minecraft:grass":4,"minecraft:golden_apple":1,"minecraft:blue_banner":2,"minecraft:emerald":3,"minecraft:oak_sapling":2,"minecraft:netherrack":58,"minecraft:oak_leaves":83,"minecraft:diamond_pickaxe":12,"minecraft:crafting_table":5,"the_bumblezone:porous_honeycomb_block":13,"minecraft:spruce_leaves":32,"minecraft:cocoa_beans":60,"minecraft:charcoal":4,"minecraft:shelter_pottery_sherd":2,"minecraft:coarse_dirt":16,"minecraft:azure_bluet":45,"minecraft:ladder":1,"minecraft:clay_ball":20,"minecraft:brown_mushroom":5,"minecraft:wooden_pickaxe":1,"minecraft:cooked_rabbit":4,"minecraft:gold_block":21,"minecraft:chain":6,"minecraft:shield":7,"minecraft:cornflower":1,"minecraft:oak_trapdoor":1,"minecraft:iron_axe":4,"minecraft:flint_and_steel":3,"minecraft:netherite_scrap":8,"minecraft:birch_fence":1,"minecraft:item_frame":2,"the_bumblezone:empty_honeycomb_brood_block":2,"minecraft:blackstone":41,"minecraft:blue_orchid":149,"minecraft:netherite_sword":7,"minecraft:dark_prismarine_stairs":3,"minecraft:beef":6,"minecraft:oak_boat":2,"minecraft:player_head":2,"minecraft:jungle_sapling":2,"minecraft:tinted_glass":2,"minecraft:sugar_cane":1,"minecraft:chest":5,"minecraft:birch_sapling":7,"minecraft:spruce_trapdoor":7,"minecraft:piston":1,"minecraft:phantom_membrane":9,"minecraft:egg":1,"minecraft:raw_iron":417,"minecraft:sandstone":153,"minecraft:stripped_mangrove_wood":2,"immersive_melodies:tiny_drum":5,"minecraft:note_block":2,"minecraft:fire_charge":3,"minecraft:polished_blackstone_bricks":10,"minecraft:carrot":28,"minecraft:redstone":35,"minecraft:smooth_sandstone_slab":6,"minecraft:tnt":6,"minecraft:arrow":179,"minecraft:diamond_chestplate":2,"minecraft:shears":1,"simplyswords:iron_scythe":2,"minecraft:jungle_stairs":113,"minecraft:peony":1,"minecraft:nether_bricks":15,"minecraft:diamond_boots":1,"minecraft:hay_block":1,"minecraft:stripped_dark_oak_wood":15,"minecraft:yellow_terracotta":13,"minecraft:pink_tulip":5,"minecraft:gold_ingot":33,"minecraft:saddle":2,"minecraft:totem_of_undying":2,"minecraft:mutton":31,"minecraft:white_wool":27,"minecraft:oxeye_daisy":22,"minecraft:netherite_boots":6,"minecraft:birch_leaves":1,"minecraft:mud_bricks":3,"minecraft:basalt":2,"minecraft:glow_ink_sac":4,"minecraft:leather":6,"minecraft:cut_sandstone":75,"minecraft:jungle_fence":11,"minecraft:birch_planks":827,"minecraft:packed_mud":7,"minecraft:oak_log":54,"minecraft:chainmail_chestplate":2,"minecraft:gunpowder":2,"minecraft:cooked_mutton":3,"naturalist:bass":1,"minecraft:smooth_sandstone":10,"minecraft:gray_carpet":12,"minecraft:iron_ingot":283,"minecraft:stone_pickaxe":2,"minecraft:iron_sword":2,"minecraft:acacia_sapling":1,"minecraft:flowering_azalea":1,"minecraft:soul_sand":37,"minecraft:book":23,"minecraft:smooth_basalt":15,"minecraft:emerald_block":1,"minecraft:sweet_berries":2,"minecraft:quartz":1,"minecraft:gravel":1184,"minecraft:amethyst_shard":151,"minecraft:spruce_sapling":3,"minecraft:white_bed":1,"minecraft:spruce_log":9,"minecraft:crying_obsidian":3,"minecraft:spider_eye":6,"minecraft:light_blue_concrete_powder":5,"minecraft:stripped_jungle_log":828,"travelersbackpack:standard":20,"minecraft:diamond_shovel":2,"minecraft:slime_ball":1,"minecraft:snort_pottery_sherd":2,"minecraft:honey_block":18,"minecraft:iron_helmet":3,"minecraft:diamond_axe":2,"minecraft:cherry_sapling":2,"minecraft:gray_wool":3,"minecraft:baked_potato":9,"minecraft:coal":210,"minecraft:mangrove_propagule":2,"minecraft:ender_pearl":2},"minecraft:broken":{"minecraft:iron_shovel":12,"minecraft:shears":13,"minecraft:golden_shovel":1,"minecraft:iron_leggings":1,"minecraft:stone_pickaxe":3,"minecraft:diamond_shovel":2,"minecraft:diamond_pickaxe":1,"minecraft:wooden_axe":9,"minecraft:stone_shovel":6,"minecraft:wooden_pickaxe":6,"minecraft:diamond_axe":1,"minecraft:iron_axe":15,"minecraft:iron_pickaxe":19},"minecraft:custom":{"minecraft:interact_with_crafting_table":179,"minecraft:open_barrel":140,"minecraft:leave_game":15,"minecraft:time_since_death":47857,"minecraft:sprint_one_cm":4857117,"minecraft:damage_blocked_by_shield":1776,"minecraft:drop":1798,"minecraft:play_noteblock":4,"minecraft:talked_to_villager":28,"minecraft:play_time":2452087,"minecraft:deaths":14,"minecraft:jump":28681,"minecraft:walk_on_water_one_cm":712898,"minecraft:interact_with_furnace":202,"minecraft:interact_with_loom":1,"minecraft:sleep_in_bed":5,"minecraft:damage_dealt":61602,"minecraft:crouch_one_cm":198531,"minecraft:interact_with_smoker":7,"minecraft:horse_one_cm":116363,"minecraft:interact_with_smithing_table":13,"minecraft:interact_with_anvil":4,"minecraft:mob_kills":402,"minecraft:interact_with_campfire":25,"minecraft:climb_one_cm":93258,"minecraft:walk_one_cm":4647873,"minecraft:sneak_time":77225,"minecraft:walk_under_water_one_cm":287876,"minecraft:interact_with_lectern":11,"minecraft:boat_one_cm":132508,"minecraft:interact_with_blast_furnace":1,"minecraft:total_world_time":2452087,"minecraft:interact_with_grindstone":1,"minecraft:time_since_rest":47905,"minecraft:damage_taken":21027,"minecraft:damage_absorbed":724,"minecraft:trigger_trapped_chest":1,"minecraft:swim_one_cm":1289883,"minecraft:fly_one_cm":7911792,"minecraft:open_chest":738,"minecraft:fall_one_cm":876846}},"DataVersion":3465}