{"stats":{"minecraft:crafted":{"newshieldvariants:diamond_shield":1,"minecraft:blaze_powder":10,"minecraft:stone":621,"travelersbackpack:diamond":1,"minecraft:cooked_mutton":5,"minecraft:glass":165,"minecraft:quartz_block":238,"minecraft:chest":2,"minecraft:gray_stained_glass_pane":384,"minecraft:diamond_axe":4,"minecraft:crafting_table":1,"minecraft:wooden_pickaxe":2,"minecraft:birch_planks":1016,"minecraft:diamond_pickaxe":7,"minecraft:stick":84,"minecraft:iron_ingot":6,"minecraft:netherite_ingot":2,"minecraft:netherite_sword":1,"minecraft:flint_and_steel":1,"minecraft:diamond":63,"minecraft:ladder":9,"minecraft:stone_pickaxe":2,"minecraft:bucket":1,"minecraft:air":0,"minecraft:acacia_planks":32},"minecraft:killed":{"naturalist:rattlesnake":1,"minecraft:zombified_piglin":4,"minecraft:spider":4,"naturalist:snail":1,"minecraft:skeleton":5,"minecraft:bee":1,"minecraft:chicken":1,"minecraft:salmon":1,"minecraft:sheep":5,"minecraft:pillager":1,"minecraft:zombie":17,"ribbits:ribbit":2,"minecraft:blaze":9,"minecraft:cow":1,"minecraft:phantom":3,"naturalist:coral_snake":2,"naturalist:giraffe":1,"minecraft:husk":1,"bosses_of_mass_destruction:void_blossom":1,"minecraft:hoglin":1,"minecraft:wither_skeleton":6,"minecraft:player":1,"minecraft:villager":3,"minecraft:enderman":1},"minecraft:broken":{"minecraft:wooden_pickaxe":3,"minecraft:diamond_axe":1,"minecraft:leather_boots":1},"minecraft:picked_up":{"minecraft:iron_chestplate":1,"minecraft:wheat":6,"minecraft:redstone_block":1,"minecraft:chainmail_boots":1,"the_bumblezone:honey_crystal_shards":8,"minecraft:lead":2,"minecraft:stone_slab":1,"minecraft:diamond_sword":1,"minecraft:enchanted_book":17,"minecraft:potion":1,"minecraft:brewing_stand":1,"minecraft:golden_sword":3,"minecraft:string":8,"minecraft:dark_oak_trapdoor":1,"minecraft:waxed_cut_copper_slab":10,"minecraft:soul_soil":13,"minecraft:raw_copper":15,"travelersbackpack:diamond":13,"minecraft:iron_leggings":1,"minecraft:netherite_ingot":2,"minecraft:experience_bottle":5,"minecraft:beetroot":1,"minecraft:diamond_leggings":15,"minecraft:gold_nugget":29,"minecraft:cobbled_deepslate":275,"minecraft:spruce_planks":2,"minecraft:waxed_exposed_cut_copper":6,"minecraft:ender_eye":1,"minecraft:azalea":4,"minecraft:iron_pickaxe":7,"minecraft:deepslate_tile_wall":471,"hangglider:hang_glider":5,"minecraft:furnace":3,"minecraft:tipped_arrow":13,"minecraft:stick":94,"minecraft:green_bed":1,"minecraft:torch":6,"minecraft:acacia_log":10,"travelersbackpack:iron_tier_upgrade":1,"minecraft:honeycomb_block":3,"minecraft:cherry_log":2,"the_bumblezone:bee_stinger":1,"minecraft:goat_horn":1,"minecraft:gray_stained_glass_pane":979,"minecraft:zombie_spawn_egg":1,"minecraft:quartz_block":156,"minecraft:stone_sword":6,"minecraft:rotten_flesh":22,"minecraft:mangrove_roots":1,"minecraft:netherite_chestplate":16,"minecraft:waxed_cut_copper":5,"minecraft:blaze_rod":6,"minecraft:obsidian":112,"minecraft:iron_bars":2,"minecraft:blaze_powder":17,"minecraft:cobblestone":606,"minecraft:birch_log":201,"minecraft:pink_petals":159,"minecraft:dune_armor_trim_smithing_template":2,"minecraft:cherry_leaves":3469,"minecraft:water_bucket":1,"minecraft:andesite":69,"minecraft:golden_leggings":1,"minecraft:potato":3,"minecraft:flint":2,"minecraft:tuff":93,"minecraft:wither_skeleton_skull":3,"travelersbackpack:gold_tier_upgrade":1,"minecraft:gray_concrete":313,"minecraft:lapis_lazuli":56,"minecraft:dirt":29,"minecraft:gray_concrete_powder":384,"minecraft:leather_boots":4,"minecraft:glass":53,"minecraft:bone":16,"minecraft:acacia_planks":114,"minecraft:bow":2,"minecraft:wheat_seeds":14,"bosses_of_mass_destruction:void_lily":41,"minecraft:diamond_helmet":13,"minecraft:bamboo":41,"minecraft:moss_block":12,"minecraft:honeycomb":10,"the_bumblezone:carvable_wax":5,"minecraft:stripped_acacia_wood":10,"bosses_of_mass_destruction:crystal_fruit":2,"minecraft:jungle_planks":61,"minecraft:sand":46,"minecraft:grass_block":1,"minecraft:lily_of_the_valley":8,"minecraft:diamond_block":8,"minecraft:jungle_slab":11,"minecraft:wither_skeleton_spawn_egg":3,"minecraft:diamond":319,"minecraft:angler_pottery_sherd":1,"minecraft:polished_blackstone_button":2,"minecraft:crossbow":3,"minecraft:bone_meal":66,"minecraft:emerald":1,"minecraft:blue_banner":1,"minecraft:netherrack":300,"minecraft:diamond_pickaxe":36,"the_bumblezone:porous_honeycomb_block":19,"minecraft:lingering_potion":2,"minecraft:coarse_dirt":14,"minecraft:crafting_table":3,"minecraft:allium":1,"minecraft:splash_potion":1,"minecraft:wooden_pickaxe":2,"minecraft:gold_block":12,"minecraft:diamond_horse_armor":1,"minecraft:shield":15,"minecraft:red_bed":1,"minecraft:moss_carpet":2,"minecraft:iron_axe":4,"minecraft:flint_and_steel":4,"minecraft:netherite_scrap":18,"the_bumblezone:empty_honeycomb_brood_block":1,"minecraft:item_frame":8,"minecraft:compass":2,"minecraft:cyan_carpet":6,"minecraft:blackstone":12,"minecraft:netherite_sword":4,"minecraft:tinted_glass":2,"minecraft:chest":2,"minecraft:birch_sapling":7,"minecraft:phantom_membrane":1,"minecraft:raw_iron":50,"minecraft:sandstone":34,"minecraft:stone":192,"immersive_melodies:tiny_drum":1,"bosses_of_mass_destruction:void_thorn":2,"minecraft:carrot":28,"minecraft:redstone":15,"minecraft:prismarine_crystals":5,"minecraft:dark_oak_planks":5,"minecraft:tnt":25,"minecraft:arrow":38,"minecraft:diamond_chestplate":2,"simplyswords:iron_scythe":2,"minecraft:jungle_stairs":1,"minecraft:peony":1,"minecraft:nether_bricks":20,"minecraft:diamond_boots":11,"newshieldvariants:diamond_shield":6,"minecraft:yellow_terracotta":6,"minecraft:pink_tulip":1,"minecraft:gold_ingot":186,"minecraft:saddle":2,"minecraft:totem_of_undying":5,"minecraft:mutton":6,"minecraft:white_wool":3,"minecraft:netherite_boots":1,"minecraft:basalt":4,"minecraft:cut_sandstone":76,"minecraft:jungle_fence":15,"minecraft:birch_planks":2081,"minecraft:chainmail_chestplate":1,"minecraft:cooked_mutton":2,"minecraft:iron_ingot":547,"minecraft:stone_pickaxe":1,"minecraft:iron_sword":4,"minecraft:flowering_azalea":3,"minecraft:soul_sand":25,"minecraft:book":2,"minecraft:smooth_basalt":5,"minecraft:emerald_block":1,"minecraft:quartz":993,"minecraft:gravel":3,"minecraft:amethyst_shard":42,"minecraft:blast_furnace":1,"minecraft:white_bed":2,"minecraft:nether_brick_slab":1,"minecraft:spruce_door":2,"minecraft:stripped_jungle_log":599,"travelersbackpack:standard":3,"minecraft:prismarine_wall":1,"minecraft:honey_block":87,"minecraft:stripped_jungle_wood":1,"minecraft:diamond_axe":18,"minecraft:cherry_sapling":9,"minecraft:black_wool":1,"minecraft:mangrove_propagule":1,"minecraft:coal":116},"minecraft:mined":{"minecraft:dark_oak_planks":5,"minecraft:waxed_cut_copper_slab":9,"minecraft:spruce_planks":6,"minecraft:prismarine_wall":2,"minecraft:white_bed":2,"minecraft:jungle_slab":7,"minecraft:cherry_log":1,"minecraft:red_nether_bricks":1,"minecraft:potted_cactus":1,"minecraft:obsidian":33,"minecraft:deepslate_tile_wall":21,"minecraft:acacia_log":10,"minecraft:grass_block":20,"minecraft:soul_soil":11,"minecraft:spawner":1,"minecraft:weeping_vines_plant":1,"bosses_of_mass_destruction:void_lily":16,"minecraft:magma_block":1,"minecraft:dark_oak_trapdoor":1,"minecraft:iron_ore":36,"minecraft:fire":31,"minecraft:moss_carpet":1,"minecraft:deepslate_lapis_ore":3,"the_bumblezone:honeycomb_brood_block":1,"minecraft:nether_brick_stairs":1,"minecraft:cave_vines":1,"minecraft:iron_bars":2,"minecraft:pink_tulip":1,"minecraft:azalea":4,"minecraft:stripped_mangrove_wood":1,"minecraft:green_bed":1,"minecraft:tripwire":2,"minecraft:waxed_cut_copper_stairs":6,"minecraft:waxed_cut_copper":5,"minecraft:cut_sandstone":3,"minecraft:quartz_block":1,"minecraft:red_bed":1,"minecraft:cyan_terracotta":1,"minecraft:blackstone":18,"minecraft:soul_lantern":1,"minecraft:clay":2,"minecraft:torch":3,"minecraft:jungle_stairs":1,"minecraft:blast_furnace":1,"minecraft:chest":2,"minecraft:dead_bush":2,"minecraft:nether_brick_slab":2,"minecraft:nether_quartz_ore":452,"minecraft:cobblestone":71,"minecraft:honeycomb_block":3,"diagonalfences:minecraft/jungle_fence":15,"bosses_of_mass_destruction:vine_wall":4,"minecraft:wall_torch":3,"the_bumblezone:porous_honeycomb_block":4,"travelersbackpack:diamond":12,"minecraft:pink_petals":18,"minecraft:tinted_glass":2,"minecraft:birch_log":206,"minecraft:tnt":23,"minecraft:grass":92,"minecraft:sand":34,"minecraft:dirt":14,"minecraft:smooth_basalt":5,"minecraft:netherrack":253,"minecraft:oak_leaves":8,"minecraft:deepslate":273,"minecraft:emerald_block":2,"minecraft:yellow_terracotta":7,"minecraft:nether_gold_ore":4,"minecraft:dark_prismarine":4,"minecraft:tuff":51,"minecraft:deepslate_diamond_ore":11,"minecraft:mangrove_roots":1,"minecraft:sea_lantern":1,"minecraft:gray_stained_glass_pane":75,"minecraft:nether_bricks":15,"minecraft:allium":1,"minecraft:jungle_planks":35,"minecraft:decorated_pot":1,"minecraft:stripped_jungle_wood":1,"minecraft:white_stained_glass":2,"the_bumblezone:carvable_wax":5,"minecraft:spruce_leaves":2,"the_bumblezone:filled_porous_honeycomb_block":9,"minecraft:moss_block":4,"minecraft:sandstone":30,"minecraft:furnace":2,"bosses_of_mass_destruction:void_blossom":10,"minecraft:andesite":23,"minecraft:diamond_block":8,"minecraft:peony":2,"minecraft:gold_block":6,"minecraft:deepslate_iron_ore":10,"minecraft:stripped_jungle_log":71,"the_bumblezone:honey_crystal":2,"minecraft:bamboo":3,"minecraft:stone":253,"minecraft:bone_block":1,"minecraft:smithing_table":1,"minecraft:acacia_leaves":5,"minecraft:flowering_azalea":1,"minecraft:redstone_block":1,"minecraft:gray_concrete":88,"minecraft:soul_sand":15,"minecraft:lily_of_the_valley":8,"minecraft:basalt":8,"minecraft:spruce_door":2,"minecraft:smooth_sandstone":1,"minecraft:crafting_table":2,"minecraft:cyan_stained_glass_pane":2,"minecraft:honey_block":32,"minecraft:lightning_rod":1,"minecraft:stone_slab":2,"minecraft:tall_grass":9,"minecraft:copper_ore":4,"minecraft:deepslate_coal_ore":2,"minecraft:lapis_ore":2,"minecraft:diorite":3,"minecraft:big_dripleaf":1,"minecraft:birch_planks":854,"minecraft:coarse_dirt":13,"minecraft:birch_leaves":57,"minecraft:coal_ore":84,"minecraft:cherry_leaves":64,"minecraft:gravel":5,"minecraft:acacia_planks":3,"minecraft:stripped_acacia_wood":15,"minecraft:stone_bricks":2,"minecraft:waxed_exposed_cut_copper":2,"minecraft:fern":1},"minecraft:dropped":{"minecraft:moss_block":3,"minecraft:iron_sword":3,"minecraft:soul_sand":5,"minecraft:birch_planks":256,"minecraft:diamond_axe":3,"minecraft:lapis_lazuli":64,"minecraft:diamond":260,"minecraft:crossbow":3,"minecraft:honeycomb":10,"minecraft:saddle":3,"minecraft:sheaf_pottery_sherd":1,"travelersbackpack:standard":4,"minecraft:flint":1,"minecraft:gold_block":6,"minecraft:dirt":3,"minecraft:gray_concrete":128,"minecraft:netherite_scrap":8,"minecraft:dark_oak_trapdoor":1,"minecraft:cut_sandstone":5,"minecraft:netherite_boots":1,"minecraft:bone_meal":33,"minecraft:phantom_membrane":1,"the_bumblezone:honey_crystal_shards":8,"minecraft:sand":8,"minecraft:iron_pickaxe":9,"minecraft:gold_ingot":32,"minecraft:bone":18,"minecraft:honeycomb_block":3,"minecraft:gravel":1,"hangglider:hang_glider":1,"the_bumblezone:empty_honeycomb_brood_block":1,"minecraft:diamond_block":8,"minecraft:tinted_glass":2,"minecraft:netherite_sword":3,"minecraft:obsidian":48,"minecraft:rotten_flesh":19,"minecraft:blaze_powder":19,"minecraft:cooked_mutton":3,"minecraft:white_bed":1,"minecraft:carrot":28,"minecraft:tipped_arrow":13,"minecraft:quartz_block":283,"minecraft:honey_block":47,"minecraft:arrow":62,"minecraft:glass":218,"immersive_melodies:tiny_drum":1,"minecraft:iron_ingot":214,"the_bumblezone:carvable_wax":2,"minecraft:enchanted_book":10,"minecraft:water_bucket":1,"minecraft:wheat_seeds":4,"minecraft:gray_stained_glass_pane":1,"minecraft:netherite_chestplate":2,"minecraft:yellow_terracotta":1,"minecraft:iron_helmet":1,"minecraft:cobblestone":3,"minecraft:spectral_arrow":11,"minecraft:coal":47,"minecraft:stick":21,"minecraft:torch":1,"minecraft:iron_leggings":1,"minecraft:iron_axe":2,"the_bumblezone:porous_honeycomb_block":8,"minecraft:pink_petals":69,"minecraft:bucket":1,"minecraft:zombie_spawn_egg":1,"minecraft:blaze_rod":1,"minecraft:tuff":31,"minecraft:raw_iron":4,"minecraft:stripped_acacia_wood":10,"minecraft:flint_and_steel":4,"minecraft:diamond_sword":1,"minecraft:potato":4,"simplyswords:iron_scythe":1,"minecraft:shield":5,"minecraft:allium":1,"minecraft:diamond_chestplate":2,"minecraft:diamond_pickaxe":9,"minecraft:iron_chestplate":1,"minecraft:andesite":54,"minecraft:golden_sword":1,"minecraft:gray_concrete_powder":384,"minecraft:bamboo":1,"minecraft:diamond_boots":1,"minecraft:sandstone":18,"minecraft:bow":2,"minecraft:stone_pickaxe":2,"minecraft:black_wool":1},"minecraft:custom":{"minecraft:interact_with_crafting_table":34,"minecraft:open_barrel":82,"minecraft:bell_ring":4,"minecraft:leave_game":11,"minecraft:time_since_death":8705,"minecraft:damage_resisted":543,"minecraft:sprint_one_cm":1454120,"minecraft:damage_blocked_by_shield":425,"minecraft:drop":355,"minecraft:talked_to_villager":5,"minecraft:play_time":1129045,"minecraft:deaths":19,"minecraft:jump":16211,"minecraft:interact_with_brewingstand":1,"minecraft:walk_on_water_one_cm":61767,"minecraft:interact_with_furnace":82,"minecraft:sleep_in_bed":2,"minecraft:damage_dealt":21990,"minecraft:player_kills":1,"minecraft:crouch_one_cm":32992,"minecraft:interact_with_smoker":3,"minecraft:horse_one_cm":89134,"minecraft:interact_with_smithing_table":12,"minecraft:interact_with_anvil":10,"minecraft:mob_kills":75,"minecraft:climb_one_cm":77402,"minecraft:walk_one_cm":2374676,"minecraft:damage_dealt_absorbed":221,"minecraft:sneak_time":12885,"minecraft:walk_under_water_one_cm":82792,"minecraft:boat_one_cm":84132,"minecraft:interact_with_blast_furnace":4,"minecraft:total_world_time":1129045,"minecraft:tune_noteblock":6,"minecraft:time_since_rest":8734,"minecraft:damage_taken":25372,"minecraft:damage_absorbed":975,"minecraft:trigger_trapped_chest":1,"minecraft:swim_one_cm":203126,"minecraft:fly_one_cm":2211968,"minecraft:open_chest":372,"minecraft:fall_one_cm":633529},"minecraft:used":{"minecraft:moss_block":1,"bosses_of_mass_destruction:crystal_fruit":1,"minecraft:ladder":7,"minecraft:chest":4,"minecraft:iron_sword":58,"minecraft:stone":501,"minecraft:zombie_spawn_egg":1,"travelersbackpack:diamond":7,"minecraft:jungle_planks":889,"minecraft:nether_bricks":4,"minecraft:carrot":8,"minecraft:jungle_slab":134,"minecraft:obsidian":35,"minecraft:honey_block":40,"minecraft:quartz_block":1,"minecraft:cherry_leaves":681,"simplyswords:iron_scythe":111,"minecraft:mangrove_roots":1,"minecraft:furnace":1,"minecraft:potato":17,"minecraft:diamond_boots":2,"minecraft:spruce_door":4,"minecraft:stone_pickaxe":232,"minecraft:ender_pearl":1,"minecraft:wooden_pickaxe":125,"minecraft:sandstone":7,"minecraft:diamond_axe":2632,"minecraft:oak_leaves":8,"minecraft:golden_apple":28,"minecraft:crossbow":6,"minecraft:gray_concrete":608,"minecraft:gray_stained_glass_pane":655,"minecraft:fire_charge":1,"minecraft:chainmail_boots":1,"minecraft:smithing_table":1,"minecraft:andesite":15,"minecraft:coarse_dirt":11,"minecraft:experience_bottle":55,"minecraft:netherite_sword":476,"minecraft:flint_and_steel":55,"bosses_of_mass_destruction:void_lily":16,"minecraft:netherrack":224,"minecraft:torch":5,"minecraft:dirt":13,"minecraft:anvil":3,"minecraft:chainmail_chestplate":1,"the_bumblezone:porous_honeycomb_block":11,"minecraft:waxed_cut_copper":5,"minecraft:iron_axe":9,"the_bumblezone:carvable_wax":3,"minecraft:golden_carrot":19,"minecraft:soul_soil":7,"minecraft:acacia_planks":3,"minecraft:cobbled_deepslate":28,"minecraft:enchanted_golden_apple":1,"minecraft:cooked_mutton":4,"minecraft:water_bucket":1,"minecraft:birch_planks":772,"minecraft:cut_sandstone":75,"minecraft:tnt":22,"minecraft:crafting_table":2,"minecraft:red_bed":1,"minecraft:white_bed":1,"minecraft:deepslate_tile_wall":171,"minecraft:diamond_pickaxe":3376,"minecraft:stripped_jungle_log":566,"minecraft:iron_pickaxe":34,"minecraft:jungle_stairs":7,"minecraft:golden_leggings":1,"minecraft:pink_petals":2,"minecraft:cobblestone":95,"travelersbackpack:standard":1,"minecraft:bucket":1},"minecraft:killed_by":{"minecraft:pillager":1,"minecraft:blaze":1,"minecraft:zombie":1,"bosses_of_mass_destruction:void_blossom":2,"minecraft:hoglin":1,"minecraft:skeleton":1}},"DataVersion":3465}